epoch,fusion_output_accuracy,fusion_output_loss,loss,unimodal_audio_loss,unimodal_eye_loss,unimodal_face_loss,unimodal_handwriting_loss,unimodal_keystroke_loss,unimodal_swell_loss,val_fusion_output_accuracy,val_fusion_output_loss,val_loss,val_unimodal_audio_loss,val_unimodal_eye_loss,val_unimodal_face_loss,val_unimodal_handwriting_loss,val_unimodal_keystroke_loss,val_unimodal_swell_loss
0,0.5571428537368774,0.6793597936630249,1.2242010831832886,0.06820009648799896,0.0681350976228714,0.06817826628684998,0.06818293035030365,0.06828422844409943,0.07405310124158859,0.6666666865348816,0.6277830004692078,1.1424006223678589,0.06718649715185165,0.06707844138145447,0.06715479493141174,0.06716357916593552,0.06735094636678696,0.06771337240934372
1,0.7571428418159485,0.5356425046920776,1.0398155450820923,0.06533412635326385,0.06516443192958832,0.06529760360717773,0.06531430035829544,0.06566122174263,0.06623233109712601,0.699999988079071,0.6087732315063477,1.097605586051941,0.06475023180246353,0.06460756808519363,0.06473556905984879,0.06475282460451126,0.06511431932449341,0.06277761608362198
2,0.7642857432365417,0.49962201714515686,0.9652435183525085,0.06125650554895401,0.061069078743457794,0.06127987056970596,0.06130967289209366,0.061951614916324615,0.058119963854551315,0.699999988079071,0.5855500102043152,1.0504902601242065,0.06220732256770134,0.06213054805994034,0.06224782019853592,0.06226489320397377,0.06267835199832916,0.059640005230903625
3,0.7857142686843872,0.4413782060146332,0.8996838331222534,0.05667712166905403,0.05660714581608772,0.056809693574905396,0.056836873292922974,0.057601846754550934,0.052220262587070465,0.7333333492279053,0.5783335566520691,1.027963399887085,0.061163511127233505,0.06116310879588127,0.061127226799726486,0.06112387403845787,0.06109491363167763,0.05787017568945885
4,0.8142856955528259,0.4321114420890808,0.8743466138839722,0.053017508238554,0.05303383991122246,0.053062401711940765,0.05306396633386612,0.05331690236926079,0.04774601384997368,0.7333333492279053,0.5803327560424805,1.0327855348587036,0.06354881078004837,0.06342553347349167,0.0632961168885231,0.06329498440027237,0.06267400830984116,0.05718350037932396
5,0.7928571701049805,0.471064031124115,0.8507750630378723,0.06059473007917404,0.06047924607992172,0.06046564131975174,0.060481153428554535,0.060259412974119186,0.05125708505511284,0.699999988079071,0.585877001285553,1.041089415550232,0.06512898951768875,0.06506874412298203,0.06509419530630112,0.0651048943400383,0.06503187119960785,0.057204559445381165
6,0.8285714387893677,0.4490315318107605,0.8429592847824097,0.06047315150499344,0.06049899011850357,0.06052318960428238,0.060519587248563766,0.06057865545153618,0.04891607165336609,0.6666666865348816,0.5839765667915344,1.0188770294189453,0.062145911157131195,0.062231723219156265,0.06225800886750221,0.06224432215094566,0.062391240149736404,0.05694504827260971
7,0.8357142806053162,0.42688798904418945,0.8192005157470703,0.05696561187505722,0.05696965008974075,0.05697215348482132,0.056971073150634766,0.05698873847723007,0.0459030345082283,0.6666666865348816,0.5981732606887817,1.023432970046997,0.06119542941451073,0.06123143807053566,0.06123759597539902,0.06123156473040581,0.06128741055727005,0.057711824774742126
8,0.8357142806053162,0.41273146867752075,0.7944782376289368,0.05717868357896805,0.05713534355163574,0.05712992697954178,0.05713620036840439,0.05708678811788559,0.045809634029865265,0.6666666865348816,0.6033408045768738,1.023966908454895,0.0610918253660202,0.06109906733036041,0.06110014021396637,0.061098773032426834,0.06111283227801323,0.058534059673547745
9,0.8357142806053162,0.41437187790870667,0.79643315076828,0.058223675936460495,0.05819500610232353,0.058191876858472824,0.05819614976644516,0.0581604540348053,0.043179407715797424,0.6666666865348816,0.6006998419761658,1.0172978639602661,0.06109173595905304,0.06109502539038658,0.061095502227544785,0.06109488010406494,0.06110174581408501,0.05880510061979294
10,0.8285714387893677,0.4082781672477722,0.7810572981834412,0.058180082589387894,0.058169711381196976,0.05816835165023804,0.05817011743783951,0.05815156549215317,0.04205380007624626,0.6666666865348816,0.608565628528595,1.0221573114395142,0.061129793524742126,0.061129555106163025,0.061129968613386154,0.06112980470061302,0.06113515794277191,0.059444915503263474
11,0.8642857074737549,0.41777628660202026,0.7611852288246155,0.058271657675504684,0.058258503675460815,0.058257974684238434,0.058259956538677216,0.05824648216366768,0.043646328151226044,0.6666666865348816,0.6213782429695129,1.0333534479141235,0.06131480634212494,0.061297036707401276,0.06129742041230202,0.061299487948417664,0.0612969845533371,0.06038515642285347
12,0.8500000238418579,0.3516322672367096,0.7390093207359314,0.05806788057088852,0.05806402489542961,0.058063894510269165,0.05806446075439453,0.058060724288225174,0.03797890618443489,0.6333333253860474,0.6365457773208618,1.0468311309814453,0.061436817049980164,0.06141126900911331,0.06141103431582451,0.061414361000061035,0.06140119582414627,0.06117987632751465
13,0.8785714507102966,0.3740910291671753,0.7161262035369873,0.06023264676332474,0.060218073427677155,0.060217976570129395,0.060220010578632355,0.06021111458539963,0.041384924203157425,0.6333333253860474,0.6501370072364807,1.058071494102478,0.06138831749558449,0.06137547641992569,0.061374641954898834,0.0613764151930809,0.06136323884129524,0.06175152584910393
14,0.8500000238418579,0.3625267446041107,0.7230104804039001,0.05797944590449333,0.057981885969638824,0.05798191949725151,0.05798158049583435,0.057983022183179855,0.03939376026391983,0.6333333253860474,0.6630599498748779,1.0688296556472778,0.061294011771678925,0.06129403039813042,0.06129322201013565,0.061293259263038635,0.0612860731780529,0.062428295612335205
15,0.8500000238418579,0.3354465365409851,0.7117518186569214,0.056143373250961304,0.056131619960069656,0.0561324879527092,0.056134141981601715,0.05613519996404648,0.037008095532655716,0.6333333253860474,0.6712580919265747,1.0748873949050903,0.06121499463915825,0.06122053042054176,0.06122004985809326,0.06121928244829178,0.06121749430894852,0.06280629336833954
16,0.8785714507102966,0.3193691372871399,0.692462146282196,0.05699542164802551,0.056990645825862885,0.05699063464999199,0.056991301476955414,0.05699014663696289,0.034086257219314575,0.6666666865348816,0.682549774646759,1.0856012105941772,0.061316728591918945,0.061321478337049484,0.06132164224982262,0.06132098659873009,0.06132194772362709,0.06361165642738342
17,0.8714285492897034,0.30831271409988403,0.6738263368606567,0.05706751346588135,0.0570625439286232,0.0570630319416523,0.05706381797790527,0.05706418678164482,0.033876921981573105,0.6666666865348816,0.7002347111701965,1.1045384407043457,0.061657048761844635,0.061651360243558884,0.06165318191051483,0.06165421009063721,0.06165798753499985,0.06486561894416809
18,0.8714285492897034,0.38311561942100525,0.6848902106285095,0.06051851063966751,0.0605076365172863,0.0605095811188221,0.06051141023635864,0.06051478534936905,0.04194415360689163,0.699999988079071,0.7395572066307068,1.145966649055481,0.06178920343518257,0.061780162155628204,0.06178212910890579,0.061783481389284134,0.06178759038448334,0.06782222539186478
0,0.5185185074806213,0.8147884011268616,0.9131618738174438,0.0812167152762413,0.4285714328289032,0.7373718619346619,0.8224982023239136,0.06812118738889694
1,0.5185185074806213,0.6821919083595276,0.7779166102409363,0.07871954888105392,0.7142857313156128,0.6651657223701477,0.7497228384017944,0.06770846247673035
2,0.5555555820465088,0.7168764472007751,0.8092845678329468,0.07555937021970749,0.5714285969734192,0.6661368012428284,0.7517330050468445,0.06890550255775452
3,0.4444444477558136,0.761445164680481,0.841286838054657,0.0631510317325592,0.5714285969734192,0.6683849692344666,0.7561521530151367,0.0712343081831932
4,0.40740740299224854,0.774906575679779,0.8672736287117004,0.07583414018154144,0.7142857313156128,0.6644369959831238,0.7546416521072388,0.07382897287607193
5,0.40740740299224854,0.7451908588409424,0.8307530879974365,0.06918656080961227,0.5714285969734192,0.6743444204330444,0.766870379447937,0.07630602270364761
6,0.40740740299224854,0.7601436376571655,0.8551793098449707,0.07881573587656021,0.4285714328289032,0.7007490992546082,0.7950363755226135,0.0782218798995018
7,0.5925925970077515,0.7041376829147339,0.7927688360214233,0.07256575673818588,0.4285714328289032,0.7334620356559753,0.8289626240730286,0.07958846539258957
8,0.5185185074806213,0.700565755367279,0.7899802327156067,0.07350236922502518,0.4285714328289032,0.7546245455741882,0.8498966097831726,0.07951220124959946
9,0.5555555820465088,0.6928947567939758,0.791036069393158,0.08238135278224945,0.4285714328289032,0.7516514658927917,0.8452896475791931,0.07802871614694595
0,0.7379931211471558,0.584334671497345,0.9186860918998718,0.05860487371683121,0.05864398926496506,0.05864164978265762,0.058620184659957886,0.0583944246172905,0.7660878300666809,0.5626852512359619,0.8568728566169739,0.05425061285495758,0.05425858497619629,0.054255351424217224,0.05424930900335312,0.055436454713344574
1,0.7386363744735718,0.571358323097229,0.8727654218673706,0.05762249976396561,0.057628173381090164,0.05762627348303795,0.0576217845082283,0.05693256855010986,0.7671092748641968,0.5490456819534302,0.8395541310310364,0.05457579344511032,0.0545608289539814,0.054564155638217926,0.05457695573568344,0.05493728071451187
2,0.7371355295181274,0.569913923740387,0.8692476153373718,0.057626672089099884,0.057633332908153534,0.05763194337487221,0.057625822722911835,0.05656646192073822,0.7671092748641968,0.5496907234191895,0.8364525437355042,0.0539303757250309,0.05392803996801376,0.05392837151885033,0.05393059179186821,0.05465066060423851
3,0.7403516173362732,0.5627490282058716,0.860130250453949,0.057501230388879776,0.05750347673892975,0.057503242045640945,0.05750090628862381,0.05616820231080055,0.7691522240638733,0.5778718590736389,0.8668131232261658,0.053918443620204926,0.05391808599233627,0.05391812324523926,0.05391843989491463,0.05667554587125778
4,0.739279568195343,0.5640332102775574,0.8610995411872864,0.057660121470689774,0.05766274780035019,0.05766276642680168,0.05765961855649948,0.056206025183200836,0.7620020508766174,0.5656628608703613,0.8539817929267883,0.054542314261198044,0.054545965045690536,0.05454765632748604,0.05454104021191597,0.0561588890850544
5,0.739708423614502,0.560074508190155,0.8560271263122559,0.05755488574504852,0.057555969804525375,0.05755635350942612,0.057554468512535095,0.055857378989458084,0.7660878300666809,0.5578319430351257,0.8466535210609436,0.05499726161360741,0.05499832704663277,0.05500065162777901,0.05499639734625816,0.05566217750310898
6,0.7401372194290161,0.5568140745162964,0.8521884679794312,0.057562652975320816,0.05756315961480141,0.057563651353120804,0.05756229907274246,0.055727872997522354,0.7466802597045898,0.5754218697547913,0.8633880019187927,0.05434434488415718,0.05434256047010422,0.05434197932481766,0.05434420332312584,0.05674280226230621
7,0.7431389093399048,0.5531659126281738,0.8486453294754028,0.05765262246131897,0.057652246206998825,0.05765244737267494,0.05765243247151375,0.05543820559978485,0.7528089880943298,0.5766558051109314,0.8645483255386353,0.054156120866537094,0.05415499955415726,0.054155778139829636,0.054156046360731125,0.0571029856801033
8,0.7435677647590637,0.549077033996582,0.8434231281280518,0.057562801986932755,0.05756270885467529,0.05756313353776932,0.057562924921512604,0.05496281757950783,0.7415730357170105,0.58078932762146,0.8695912957191467,0.05411455035209656,0.05411389470100403,0.05411362648010254,0.05411436781287193,0.05757502093911171
9,0.7467838525772095,0.5427934527397156,0.8374568223953247,0.05749829113483429,0.05749807506799698,0.057498350739479065,0.057498324662446976,0.054461754858493805,0.7364657521247864,0.5863551497459412,0.8760537505149841,0.054148707538843155,0.054148104041814804,0.0541473813354969,0.05414830148220062,0.05782678350806236
10,0.750643253326416,0.5339688062667847,0.8278016448020935,0.057485222816467285,0.057485103607177734,0.05748526006937027,0.05748523399233818,0.053485821932554245,0.7415730357170105,0.5753836035728455,0.8658694624900818,0.0546986348927021,0.05469738692045212,0.05469723790884018,0.05469856411218643,0.05682085081934929
11,0.755574643611908,0.5291328430175781,0.8229225277900696,0.05757816508412361,0.05757797509431839,0.05757821723818779,0.057578276842832565,0.052996136248111725,0.7303370833396912,0.5890500545501709,0.8815475106239319,0.054503731429576874,0.05449962988495827,0.05450218543410301,0.05450478568673134,0.0582580603659153
12,0.7592195272445679,0.5188467502593994,0.8126807808876038,0.05752599239349365,0.05752551183104515,0.05752580985426903,0.05752616375684738,0.05190395936369896,0.7303370833396912,0.6102415323257446,0.9043175578117371,0.054008498787879944,0.054008930921554565,0.0540076419711113,0.05400699004530907,0.059876926243305206
13,0.7624356746673584,0.5147560238838196,0.8081333637237549,0.05751171335577965,0.05751142278313637,0.057511720806360245,0.05751210078597069,0.05145689472556114,0.7323799729347229,0.5866489410400391,0.8809823393821716,0.05455344542860985,0.05455169081687927,0.05455208942294121,0.05455419793725014,0.05818692967295647
14,0.765866219997406,0.4987923204898834,0.7918444871902466,0.05757574364542961,0.05757543444633484,0.057575616985559464,0.057576145976781845,0.05009486526250839,0.7303370833396912,0.6301320195198059,0.928867757320404,0.054366543889045715,0.054363228380680084,0.05436373129487038,0.054368577897548676,0.06191190332174301
15,0.7718696594238281,0.49050870537757874,0.7837958931922913,0.057527873665094376,0.057527489960193634,0.0575275681912899,0.05752827227115631,0.04925162345170975,0.7221654653549194,0.6732808947563171,0.9772509932518005,0.0539521798491478,0.053952619433403015,0.053951967507600784,0.05395021662116051,0.06588490307331085
16,0.7802315354347229,0.473966509103775,0.7660443782806396,0.05754435062408447,0.05754399672150612,0.057544223964214325,0.057545289397239685,0.047447457909584045,0.7231869101524353,0.67499840259552,0.98155277967453,0.05432237684726715,0.05432260408997536,0.054321568459272385,0.0543188713490963,0.06599027663469315
0,0.5370926260948181,0.6908566951751709,1.0771037340164185,0.06937132030725479,0.06937345862388611,0.06937319040298462,0.06936844438314438,0.06897605955600739,0.5822267532348633,0.6948335766792297,1.048858880996704,0.06655265390872955,0.06655280292034149,0.06655286252498627,0.06655170023441315,0.06761433929204941
1,0.5619639754295349,0.6836193799972534,1.0415220260620117,0.06932579725980759,0.0693264752626419,0.06932621449232101,0.06932567805051804,0.0681760236620903,0.4984678328037262,0.6928430795669556,1.0425260066986084,0.06665951013565063,0.0666651502251625,0.06666425615549088,0.0666566714644432,0.06819295883178711
2,0.5737564563751221,0.6781607866287231,1.033789873123169,0.06932934373617172,0.06933004409074783,0.06932976841926575,0.0693289265036583,0.06777353584766388,0.4892747700214386,0.6890897154808044,1.0374562740325928,0.06663481146097183,0.06663587689399719,0.06664539128541946,0.0666392520070076,0.06857988238334656
3,0.5686106085777283,0.6738911867141724,1.0280580520629883,0.06933899968862534,0.06933915615081787,0.06934013217687607,0.06933940947055817,0.06744928658008575,0.42696627974510193,0.6904335618019104,1.037600040435791,0.06662073731422424,0.06662113964557648,0.0666213110089302,0.06662103533744812,0.06851533055305481
4,0.5675386190414429,0.6684135794639587,1.0217952728271484,0.06932966411113739,0.06932910531759262,0.06933074444532394,0.06932973116636276,0.06692376732826233,0.4862104058265686,0.6945892572402954,1.0431150197982788,0.06661178916692734,0.06661276519298553,0.06660867482423782,0.06661073863506317,0.06944328546524048
5,0.583833634853363,0.6672560572624207,1.0207490921020508,0.0693175420165062,0.06931755691766739,0.06931751221418381,0.06931754946708679,0.06695055961608887,0.5097037553787231,0.7080384492874146,1.0564360618591309,0.06660798192024231,0.06660845130681992,0.06660664826631546,0.0666075199842453,0.06921572983264923
6,0.5799742937088013,0.662182092666626,1.0150434970855713,0.06934024393558502,0.06934024393558502,0.06934025138616562,0.06934025883674622,0.06625110656023026,0.5893769264221191,0.6968040466308594,1.045210838317871,0.0666201114654541,0.06662037968635559,0.06661953032016754,0.06661991775035858,0.0686546340584755
7,0.5861921310424805,0.6580996513366699,1.010979413986206,0.06932400912046432,0.06932400166988373,0.06932402402162552,0.06932403892278671,0.06616003811359406,0.5546476244926453,0.7075037360191345,1.0566627979278564,0.0666033923625946,0.06660348922014236,0.06660311669111252,0.06660328805446625,0.06896702200174332
8,0.5975557565689087,0.6510401368141174,1.0032380819320679,0.06933066993951797,0.06933067739009857,0.06933069229125977,0.06933067739009857,0.06520693749189377,0.6506639719009399,0.7108887434005737,1.0621424913406372,0.06661354750394821,0.06661359965801239,0.06661345064640045,0.06661351770162582,0.07015557587146759
9,0.6059176921844482,0.6453319191932678,0.9976571202278137,0.06931239366531372,0.06931249797344208,0.06931205093860626,0.06931222975254059,0.06473401188850403,0.5117467045783997,0.7572088837623596,1.112577199935913,0.0665716752409935,0.06657128036022186,0.06657259911298752,0.06657207757234573,0.0747324600815773
10,0.6020582914352417,0.6413970589637756,0.9938876032829285,0.06930765509605408,0.06930767744779587,0.06930772215127945,0.06930761784315109,0.06430027633905411,0.4668028652667999,0.7294795513153076,1.0822757482528687,0.06659499555826187,0.06659501791000366,0.06659481674432755,0.06659486144781113,0.07211770862340927
11,0.6181389093399048,0.6310935616493225,0.9827259182929993,0.06930884718894958,0.06930819898843765,0.06930861622095108,0.06930846720933914,0.06313494592905045,0.5628191828727722,0.7606284022331238,1.1176806688308716,0.06660585105419159,0.06660672277212143,0.06660614907741547,0.06660623848438263,0.07499673217535019
12,0.6211406588554382,0.6260863542556763,0.9778565764427185,0.06932425498962402,0.06932421773672104,0.06932421028614044,0.06932421028614044,0.0628264993429184,0.570990800857544,0.7637757658958435,1.1229712963104248,0.06660382449626923,0.06660418957471848,0.06660395860671997,0.06660397350788116,0.07540006935596466
13,0.6316466331481934,0.6146295070648193,0.9656179547309875,0.06931761652231216,0.06931756436824799,0.06931754946708679,0.06931768357753754,0.06149155646562576,0.5577119588851929,0.7910388112068176,1.1524933576583862,0.06661246716976166,0.06661190837621689,0.06661153584718704,0.06661300361156464,0.07782531529664993
14,0.6329330801963806,0.6038411855697632,0.9548406600952148,0.06933008134365082,0.06933032721281052,0.06932931393384933,0.06933031976222992,0.06054417043924332,0.5005107522010803,0.7734792828559875,1.1349337100982666,0.06660789996385574,0.06661458313465118,0.0666133388876915,0.06661700457334518,0.07689432799816132
15,0.6552315354347229,0.5914800763130188,0.9418042898178101,0.06936141848564148,0.06936118006706238,0.06936267763376236,0.06936183571815491,0.05932670831680298,0.5679264664649963,0.7938877940177917,1.1588715314865112,0.06652936339378357,0.06653720140457153,0.06650429964065552,0.06652670353651047,0.07884366065263748
16,0.677744448184967,0.5783132910728455,0.9286513924598694,0.0693226158618927,0.06932224333286285,0.0693240761756897,0.06932264566421509,0.05791871249675751,0.5556690692901611,0.7992616295814514,1.1649123430252075,0.06658097356557846,0.06657903641462326,0.06658075004816055,0.06657882779836655,0.07914238423109055
17,0.6861063241958618,0.5626412034034729,0.911858320236206,0.0693516731262207,0.0693516805768013,0.06935197114944458,0.0693516954779625,0.05647340416908264,0.5740551352500916,0.8561893105506897,1.229082465171814,0.06661252677440643,0.06661127507686615,0.06661458313465118,0.06661133468151093,0.08439931273460388
0,0.5306603908538818,0.6910076141357422,1.0962774753570557,0.06934786587953568,0.06934772431850433,0.06935218721628189,0.06934577226638794,0.06946534663438797,0.510725200176239,0.6738154292106628,1.048578143119812,0.06607937067747116,0.0660790279507637,0.0660846158862114,0.06607497483491898,0.06696031987667084
1,0.5486706495285034,0.6844062209129333,1.05013108253479,0.06931251287460327,0.06931246817111969,0.06931330263614655,0.06931187212467194,0.06859549134969711,0.5464760065078735,0.6672636866569519,1.0252271890640259,0.06599780917167664,0.06599793583154678,0.06599608063697815,0.06599919497966766,0.06657741963863373
2,0.5471698045730591,0.6781436204910278,1.035607099533081,0.06933557242155075,0.06933549046516418,0.06933657824993134,0.06933460384607315,0.06816089153289795,0.5893769264221191,0.675989031791687,1.0314490795135498,0.06601987034082413,0.06601981818675995,0.06602182239294052,0.06601796299219131,0.06673768162727356
3,0.5668953657150269,0.6755266189575195,1.0307163000106812,0.06931609660387039,0.06931604444980621,0.06931615620851517,0.06931594014167786,0.06757728010416031,0.48416751623153687,0.6722363829612732,1.023132562637329,0.06598660349845886,0.06598686426877975,0.06598596274852753,0.06598764657974243,0.06682051718235016
4,0.5720411539077759,0.6769142746925354,1.0315454006195068,0.06931676715612411,0.06931671500205994,0.06931688636541367,0.06931652128696442,0.06764514744281769,0.44841673970222473,0.6818005442619324,1.0338730812072754,0.06598418951034546,0.06598412990570068,0.06598394364118576,0.06598421186208725,0.06829971075057983
5,0.5664665699005127,0.6713343858718872,1.0251954793930054,0.0693090409040451,0.06930895149707794,0.06930875778198242,0.06931192427873611,0.06712417304515839,0.409601628780365,0.7084272503852844,1.059680461883545,0.06598351150751114,0.06598078459501266,0.06598062813282013,0.06598171591758728,0.06949703395366669
6,0.5819039344787598,0.6657143235206604,1.0188018083572388,0.06932184845209122,0.06932388246059418,0.06932410597801208,0.06932410597801208,0.06669598817825317,0.48825332522392273,0.6881971955299377,1.0400855541229248,0.06599477678537369,0.06600088626146317,0.066000796854496,0.06600543856620789,0.06866555660963058
7,0.5808318853378296,0.6647406220436096,1.0175063610076904,0.06932991743087769,0.06933046132326126,0.06933029741048813,0.0693291649222374,0.0665566548705101,0.5454545617103577,0.6785340905189514,1.0306861400604248,0.06606508791446686,0.06608737260103226,0.06606250256299973,0.06607364118099213,0.06747381389141083
8,0.5851200819015503,0.6588408946990967,1.0114948749542236,0.0693146139383316,0.06931675225496292,0.0693134292960167,0.06931505352258682,0.0661662295460701,0.4821246266365051,0.6933756470680237,1.0459154844284058,0.06604540348052979,0.06606084108352661,0.06605131179094315,0.06605567783117294,0.06933867186307907
9,0.5782589912414551,0.6570008397102356,1.009421467781067,0.06932235509157181,0.06932343542575836,0.06932250410318375,0.06932294368743896,0.06590130180120468,0.5188968181610107,0.7006497979164124,1.0552202463150024,0.06602788716554642,0.06602836400270462,0.06603094190359116,0.06602919846773148,0.06919276714324951
10,0.5889794230461121,0.6516269445419312,1.0036882162094116,0.06932732462882996,0.06932738423347473,0.06932734698057175,0.06932734698057175,0.06539401412010193,0.5720122456550598,0.7009015083312988,1.0588542222976685,0.06600866466760635,0.06600797921419144,0.06601051241159439,0.06600917130708694,0.0695052295923233
11,0.6093481779098511,0.6422985792160034,0.9938446879386902,0.06932242959737778,0.06932246685028076,0.06932245939970016,0.06932241469621658,0.06437815725803375,0.5056179761886597,0.7063794136047363,1.0646640062332153,0.06598441302776337,0.06598445773124695,0.065985307097435,0.06598462164402008,0.07045109570026398
12,0.6106346249580383,0.6404224038124084,0.9922143220901489,0.06930477917194366,0.06930480897426605,0.06930477172136307,0.06930477172136307,0.06405409425497055,0.6057201027870178,0.6933883428573608,1.0547508001327515,0.06601397693157196,0.0660138875246048,0.06601454317569733,0.0660141333937645,0.06937135756015778
13,0.6005574464797974,0.634526789188385,0.9861512780189514,0.06932219862937927,0.06932222843170166,0.06932195276021957,0.06932195276021957,0.06358329206705093,0.5393258333206177,0.7636328935623169,1.1308647394180298,0.06601914763450623,0.06601817905902863,0.06601838767528534,0.06601814180612564,0.0754903256893158
14,0.6247856020927429,0.6208804845809937,0.9717080593109131,0.06933280825614929,0.06933277100324631,0.06933273375034332,0.06933271139860153,0.06243963912129402,0.5413687229156494,0.7962841987609863,1.168771505355835,0.06599557399749756,0.06599553674459457,0.06599611043930054,0.0659959688782692,0.07829403877258301
15,0.635291576385498,0.6108219027519226,0.9612067937850952,0.06931588798761368,0.06931588798761368,0.06931587308645248,0.06931588053703308,0.06130943447351456,0.5076608657836914,0.76540207862854,1.1316176652908325,0.06600791215896606,0.06600790470838547,0.06600819528102875,0.06600812077522278,0.07591419667005539
16,0.6376500725746155,0.6009628176689148,0.9509507417678833,0.06932112574577332,0.06932111829519272,0.06932112574577332,0.06932112574577332,0.060309384018182755,0.5720122456550598,0.7643749713897705,1.136441946029663,0.06599044799804688,0.06599044799804688,0.0659906268119812,0.06599056720733643,0.07565119862556458
0,0.5332332849502563,0.6952492594718933,1.1002603769302368,0.0693468227982521,0.06934639811515808,0.06934679299592972,0.06934712082147598,0.06936974823474884,0.3779366612434387,0.6911375522613525,1.065516710281372,0.06613966077566147,0.06611897051334381,0.06614851206541061,0.06615537405014038,0.06752921640872955
1,0.5240136981010437,0.684470534324646,1.0506258010864258,0.06933055818080902,0.06932853907346725,0.06933172047138214,0.06933277100324631,0.0686647891998291,0.5025536417961121,0.6772217154502869,1.037461280822754,0.06603049486875534,0.06603303551673889,0.06602977961301804,0.06603003293275833,0.0669952929019928
2,0.5467410087585449,0.6821612119674683,1.0401314496994019,0.06932470202445984,0.06932463496923447,0.06932507455348969,0.0693252831697464,0.06822051107883453,0.4984678328037262,0.6795825362205505,1.0357294082641602,0.06604161113500595,0.06604186445474625,0.06604504585266113,0.06604566425085068,0.06741449981927872
3,0.5508147478103638,0.6774520874023438,1.0328700542449951,0.06933549791574478,0.06933551281690598,0.06933606415987015,0.06933578848838806,0.0676797553896904,0.47906026244163513,0.6752300262451172,1.0290496349334717,0.06600215286016464,0.06600213795900345,0.06600001454353333,0.06600194424390793,0.06770219653844833
4,0.5593910813331604,0.6742675304412842,1.0290566682815552,0.06931360065937042,0.06931363791227341,0.06931397318840027,0.06931370496749878,0.06741852313280106,0.7078651785850525,0.6759145855903625,1.0343197584152222,0.06602354347705841,0.06602343171834946,0.06602241098880768,0.06602348387241364,0.06696458160877228
5,0.5771869421005249,0.6737022399902344,1.0277971029281616,0.06931672245264053,0.06931675970554352,0.06931696832180023,0.06931689381599426,0.06733651459217072,0.48723188042640686,0.6808043718338013,1.0336787700653076,0.0659915879368782,0.06599174439907074,0.06599047034978867,0.06599143147468567,0.06795684248209
6,0.5827615857124329,0.6690661907196045,1.0226051807403564,0.06931066513061523,0.06931068748235703,0.06931069493293762,0.06931069493293762,0.06685727834701538,0.6271705627441406,0.6799755692481995,1.0362305641174316,0.06600536406040192,0.06600542366504669,0.06600493937730789,0.0660051703453064,0.06773507595062256
7,0.5945540070533752,0.6624913215637207,1.0155400037765503,0.06932634860277176,0.06932634860277176,0.06932637095451355,0.06932637840509415,0.06640855967998505,0.4974463880062103,0.6973350048065186,1.0518629550933838,0.06598818302154541,0.0659882053732872,0.06598789244890213,0.06598801165819168,0.06906497478485107
8,0.5769725441932678,0.6611418128013611,1.014052391052246,0.06930897384881973,0.06930897384881973,0.06930898129940033,0.06930910050868988,0.06616206467151642,0.6230847835540771,0.681706428527832,1.0391368865966797,0.06601635366678238,0.06601639837026596,0.06601624190807343,0.0660165324807167,0.0678921565413475
9,0.5934820175170898,0.6551924347877502,1.0076227188110352,0.06933490186929703,0.06933487206697464,0.06933489441871643,0.06933501362800598,0.06567684561014175,0.5485188961029053,0.6798797249794006,1.0350370407104492,0.0659937784075737,0.0659937784075737,0.06600042432546616,0.06599865853786469,0.06771576404571533
10,0.5960549116134644,0.6521480083465576,1.0046977996826172,0.06931908428668976,0.0693192258477211,0.06932130455970764,0.06932059675455093,0.06538012623786926,0.5934627056121826,0.6803070902824402,1.036950945854187,0.06600639969110489,0.06600626558065414,0.06599939614534378,0.06600040197372437,0.06778234243392944
11,0.6007718443870544,0.6451691389083862,0.9970426559448242,0.06931234151124954,0.06931241601705551,0.06931260973215103,0.06931252032518387,0.06457606703042984,0.5914198160171509,0.7071626782417297,1.068658709526062,0.06601773202419281,0.06601733714342117,0.06601347774267197,0.06601441651582718,0.07080120593309402
12,0.614279568195343,0.6339903473854065,0.985188901424408,0.06931793689727783,0.06931805610656738,0.06931812316179276,0.06931806355714798,0.06353257596492767,0.5985699892044067,0.7232959866523743,1.0899277925491333,0.06601632386445999,0.0660160705447197,0.06601344794034958,0.06601428985595703,0.07153957337141037
13,0.619210958480835,0.6318261623382568,0.9832682013511658,0.06932658702135086,0.06932680308818817,0.06932664662599564,0.06932669132947922,0.06335622817277908,0.5097037553787231,0.7101530432701111,1.0693483352661133,0.06600596755743027,0.06600601971149445,0.06600438803434372,0.06600497663021088,0.0704716220498085
14,0.6466552019119263,0.6184957027435303,0.9690526723861694,0.06933914870023727,0.06933916360139847,0.06933916360139847,0.06933917105197906,0.06206945702433586,0.531154215335846,0.7179093360900879,1.0838464498519897,0.06598512083292007,0.06598494201898575,0.06598416715860367,0.06598443537950516,0.07167385518550873
15,0.6363636255264282,0.6106725931167603,0.9611960053443909,0.06930337846279144,0.06930338591337204,0.06930334120988846,0.06930334120988846,0.061261314898729324,0.5750765800476074,0.7186396718025208,1.0860190391540527,0.06602053344249725,0.06602048873901367,0.06602007150650024,0.06602021306753159,0.07125597447156906
16,0.6522298455238342,0.6057741641998291,0.9561834335327148,0.06932172924280167,0.06932179629802704,0.0693216472864151,0.06932171434164047,0.06058334931731224,0.5199182629585266,0.758970320224762,1.128130316734314,0.06599054485559464,0.06599074602127075,0.06598979234695435,0.06599021703004837,0.07524949312210083
17,0.6665952205657959,0.5888822078704834,0.9382768273353577,0.06932155042886734,0.06932156533002853,0.06932151317596436,0.06932153552770615,0.05910531058907509,0.49642491340637207,0.8151772618293762,1.1940659284591675,0.0659748762845993,0.06597484648227692,0.06597442924976349,0.06597460061311722,0.08083108812570572
18,0.6646655201911926,0.5774888396263123,0.9263282418251038,0.06931354105472565,0.06931349635124207,0.06931348890066147,0.06931348890066147,0.057877685874700546,0.5597548484802246,0.8142465353012085,1.1964160203933716,0.06601400673389435,0.066014364361763,0.06601409614086151,0.06601422280073166,0.08105210214853287
