Model,Threshold_Type,Metric,Mean,Std,Median,Min,Max
Logistic Regression,Threshold_0.5,Accuracy,0.8372218289373815,0.15116258872211663,0.8329256360078278,0.36584789796882383,0.9992733731632488
Logistic Regression,Threshold_0.5,Balanced Accuracy,0.7506713236138327,0.17696821830377574,0.6870243531202436,0.5,0.9983480176211454
Logistic Regression,Threshold_0.5,Precision,0.7693810083024595,0.31419369643720746,0.9778278842540399,0.0,1.0
Logistic Regression,Threshold_0.5,Recall,0.5963547244131395,0.3763294628353101,0.5651865008880995,0.0,1.0
Logistic Regression,Threshold_0.5,Specificity,0.9049879228145165,0.21014046621154103,0.9966894268570143,0.17486170866625603,0.9999999999999902
Logistic Regression,Threshold_0.5,F1,0.5816075754998168,0.3102741326331819,0.5444475214621989,0.0,0.9983452840595698
Logistic Regression,Threshold_0.5,ROC-AUC,0.9193990509475085,0.11634396401391134,0.9816023669853684,0.6517238380637345,1.0
Logistic Regression,Threshold_0.5,PR-AUC,0.8443214458560598,0.2037165968375637,0.9620796750452444,0.42119685983059396,1.0
Logistic Regression,Threshold_Val,Accuracy,0.5577892802180935,0.25319652927679975,0.5605395741914513,0.21645437795401745,0.9902982681205901
Logistic Regression,Threshold_Val,Balanced Accuracy,0.6441386800879549,0.1360738302472449,0.5834131800276802,0.500204394481349,0.9912042629092999
Logistic Regression,Threshold_Val,Precision,0.4863069896117126,0.30935463669267893,0.32803180914512925,0.21620322141197212,1.0
Logistic Regression,Threshold_Val,Recall,0.799447389579146,0.3282962864889676,0.9961158192090396,0.12992424242424241,1.0
Logistic Regression,Threshold_Val,Specificity,0.48882997059675865,0.38462564290664053,0.44051313883715665,0.00040878896269800296,0.9999999999999896
Logistic Regression,Threshold_Val,F1,0.4605384274546847,0.1785789948529676,0.3981292019877229,0.22996982903117666,0.9773365798838733
Logistic Regression,Threshold_Val,ROC-AUC,0.9193990509475085,0.11634396401391134,0.9816023669853684,0.6517238380637345,1.0
Logistic Regression,Threshold_Val,PR-AUC,0.8443214458560598,0.2037165968375637,0.9620796750452444,0.42119685983059396,1.0
Random Forest,Threshold_0.5,Accuracy,0.8397198407693881,0.10451965828853502,0.8435694238071653,0.5414108014485908,1.0
Random Forest,Threshold_0.5,Balanced Accuracy,0.7234161260149929,0.17303979804110486,0.6808617028930598,0.49941124521636737,1.0
Random Forest,Threshold_0.5,Precision,0.7694290226612587,0.2928751549385079,0.895500725689405,0.0,1.0
Random Forest,Threshold_0.5,Recall,0.5170165045653689,0.39329322342582734,0.36174242424242425,0.0,1.0
Random Forest,Threshold_0.5,Specificity,0.9298157474646073,0.1491386135331807,0.9925093632958698,0.40329850440483306,0.9999999999999898
Random Forest,Threshold_0.5,F1,0.5167206170699316,0.3060434442272945,0.5023494233233661,0.0,1.0
Random Forest,Threshold_0.5,ROC-AUC,0.9151019544245526,0.10830742651366544,0.9438757034583046,0.6015859369132712,1.0
Random Forest,Threshold_0.5,PR-AUC,0.8100106572826457,0.20099464566772043,0.8704856379174881,0.35392472860082236,1.0
Random Forest,Threshold_Val,Accuracy,0.679545311275582,0.273211105861589,0.8262798004065792,0.237994016690285,0.9859518811561441
Random Forest,Threshold_Val,Balanced Accuracy,0.77685744478472,0.17027123315243736,0.8464393531966243,0.5042511780372875,0.9909956530738977
Random Forest,Threshold_Val,Precision,0.5359121241693191,0.25137716349498274,0.5882615487614372,0.22601993800787468,0.9399585921325052
Random Forest,Threshold_Val,Recall,0.9523085651645063,0.0705959760437389,0.9996312684365781,0.7651515151515151,1.0
Random Forest,Threshold_Val,Specificity,0.6014063244049274,0.35741394093223744,0.8039117352056068,0.00850235607457484,0.9819913061477853
Random Forest,Threshold_Val,F1,0.6465096421614207,0.2119575775341249,0.729106628242075,0.36870515886573285,0.9690501600853789
Random Forest,Threshold_Val,ROC-AUC,0.9151019544245526,0.10830742651366544,0.9438757034583046,0.6015859369132712,1.0
Random Forest,Threshold_Val,PR-AUC,0.8100106572826457,0.20099464566772043,0.8704856379174881,0.35392472860082236,1.0
XGBoost,Threshold_0.5,Accuracy,0.829612021982237,0.13341345789556683,0.8429911036306804,0.4521335222799559,1.0
XGBoost,Threshold_0.5,Balanced Accuracy,0.7321998621075196,0.16961767091148647,0.6924778761061947,0.5,1.0
XGBoost,Threshold_0.5,Precision,0.7042716671401729,0.3754076634312537,0.9824929971988795,0.0,1.0
XGBoost,Threshold_0.5,Recall,0.5580256129556687,0.3754600167216752,0.41439393939393937,0.0,1.0
XGBoost,Threshold_0.5,Specificity,0.9063741112593614,0.1884352472419176,0.9999999999999875,0.2871337840606419,0.9999999999999902
XGBoost,Threshold_0.5,F1,0.5458926732227755,0.3096280171327282,0.5559105431309904,0.0,1.0
XGBoost,Threshold_0.5,ROC-AUC,0.9228554983028378,0.12485849628966766,0.994130347625112,0.5040999523808345,1.0
XGBoost,Threshold_0.5,PR-AUC,0.8649547574778041,0.18094043789788714,0.9835382481620726,0.32596971834305766,1.0
XGBoost,Threshold_Val,Accuracy,0.6447245645250259,0.2613134040670914,0.7784835571279247,0.23201070697527948,0.9851921128516873
XGBoost,Threshold_Val,Balanced Accuracy,0.734420794819228,0.17671193461024612,0.7938245978204463,0.4824884438931515,0.9906780492591503
XGBoost,Threshold_Val,Precision,0.5072385959387015,0.2748010577441846,0.5053859964093357,0.20386758439855784,1.0
XGBoost,Threshold_Val,Recall,0.8963049652862806,0.2077106378432578,1.0,0.28674242424242424,1.0
XGBoost,Threshold_Val,Specificity,0.5725366243521695,0.34605791845364064,0.7136769902307138,0.000717066174964143,0.9999999999999895
XGBoost,Threshold_Val,F1,0.5845001513286311,0.21236179198844732,0.5772054911141854,0.28656991476618293,0.9652650822669104
XGBoost,Threshold_Val,ROC-AUC,0.9228554983028378,0.12485849628966766,0.994130347625112,0.5040999523808345,1.0
XGBoost,Threshold_Val,PR-AUC,0.8649547574778041,0.18094043789788714,0.9835382481620726,0.32596971834305766,1.0
Deep Learning,Threshold_0.5,Accuracy,0.846553287837924,0.12696997964201448,0.8297787042976267,0.6024248149897654,0.9974164379137737
Deep Learning,Threshold_0.5,Balanced Accuracy,0.7686994586809714,0.18502679772339134,0.7413439868879328,0.4887884718704429,0.9983440281515215
Deep Learning,Threshold_0.5,Precision,0.666117725055093,0.36479066229122886,0.7283359914938863,0.0,1.0
Deep Learning,Threshold_0.5,Recall,0.6312218923858334,0.37612872815868886,0.9097690941385436,0.0,1.0
Deep Learning,Threshold_0.5,Specificity,0.9061770249761,0.15432113016650972,0.9956548727498346,0.4826879737758632,0.9999999999999902
Deep Learning,Threshold_0.5,F1,0.602710437552653,0.3362759108013301,0.622663281790907,0.0,0.9941605839416059
Deep Learning,Threshold_0.5,ROC-AUC,0.904041985525285,0.14671957136153346,0.9857477711586167,0.5668681403024023,1.0
Deep Learning,Threshold_0.5,PR-AUC,0.8069705608001156,0.2476290151092206,0.9622782557288952,0.29872570479466365,1.0
Deep Learning,Threshold_Val,Accuracy,0.781128155766527,0.20214909028860745,0.8484411316822954,0.39938592347661783,0.9906664483379728
Deep Learning,Threshold_Val,Balanced Accuracy,0.7783436966322602,0.18293620912073505,0.8502663622526636,0.5,0.9788742669370941
Deep Learning,Threshold_Val,Precision,0.6262087885602077,0.3276507189865384,0.7072934334867943,0.0,1.0
Deep Learning,Threshold_Val,Recall,0.779094474551519,0.32812850135634664,0.9579579579579579,0.0,1.0
Deep Learning,Threshold_Val,Specificity,0.7775929187129934,0.27122288238397213,0.926102256261634,0.21850030731407388,0.9999999999999902
Deep Learning,Threshold_Val,F1,0.6211371997914475,0.31392574743177887,0.7497021839841165,0.0,0.9781525488692986
Deep Learning,Threshold_Val,ROC-AUC,0.904041985525285,0.14671957136153346,0.9857477711586167,0.5668681403024023,1.0
Deep Learning,Threshold_Val,PR-AUC,0.8069705608001156,0.2476290151092206,0.9622782557288952,0.29872570479466365,1.0
